titulo,descripcion,url,fuente,fecha,hora,fecha_completa,sentimiento
Bitcoin alcanza nuevo máximo intradía,El precio de Bitcoin ha mostrado un comportamiento alcista durante la sesión de hoy,https://twitter.com/ejemplo,twitter_simulado,28/10/2025,19:09:06,28/10/2025 19:09:06,positivo
"Daily Discussion, October 28, 2025","Please utilize this sticky thread for all general **Bitcoin** discussions! If you see posts on the front page or /r/Bitcoin/new which are better suited for this daily discussion thread, please help ou...",https://reddit.com/r/Bitcoin/comments/1oi1tm0/daily_discussion_october_28_2025/,reddit_r_Bitcoin,28/10/2025,07:05:03,28/10/2025 07:05:03,neutral
Just a casual conversation with a bitcoiner.,...,https://reddit.com/r/Bitcoin/comments/1oiebf4/just_a_casual_conversation_with_a_bitcoiner/,reddit_r_Bitcoin,28/10/2025,17:37:19,28/10/2025 17:37:19,negativo
"So if you invest in Bitcoin only and you're saying never sell, how the hell are saying Bitcoin changed your life if it's just sits there on a never ending accumulating phase?",Never sold any but would like to understand the ones that never going to sell and don't invest in any other coins...,https://reddit.com/r/Bitcoin/comments/1oi77cx/so_if_you_invest_in_bitcoin_only_and_youre_saying/,reddit_r_Bitcoin,28/10/2025,12:50:13,28/10/2025 12:50:13,neutral
Leveraging BTC for loans instead of selling,"I've commented on a couple of threads and many people have PM'd me asking for details. So instead, I will share what I have learned so far here. I made many mistakes years ago - the same one others di...",https://reddit.com/r/Bitcoin/comments/1oicdtk/leveraging_btc_for_loans_instead_of_selling/,reddit_r_Bitcoin,28/10/2025,16:26:07,28/10/2025 16:26:07,neutral
"Daily Bitcoin meme until BTC is at $200,000 #125",...,https://reddit.com/r/Bitcoin/comments/1oig9fl/daily_bitcoin_meme_until_btc_is_at_200000_125/,reddit_r_Bitcoin,28/10/2025,18:48:59,28/10/2025 18:48:59,neutral
"Every 4 years, people doubt Bitcoin… then it proves them wrong again.","
It’s funny how every cycle feels different, yet ends the same — panic, disbelief, then FOMO.
Right now we’re in that phase where many think “Bitcoin had its time.”

But if history rhymes again… we mi...",https://reddit.com/r/Bitcoin/comments/1oi5ozk/every_4_years_people_doubt_bitcoin_then_it_proves/,reddit_r_Bitcoin,28/10/2025,11:27:23,28/10/2025 11:27:23,neutral
"Daily Crypto Discussion - October 28, 2025 (GMT+0)","**Welcome to the Daily Crypto Discussion thread. Please read the disclaimer and rules before participating.**

 

# Disclaimer:

Consider all information posted here with several liberal heaps of salt...",https://reddit.com/r/CryptoCurrency/comments/1ohw4qf/daily_crypto_discussion_october_28_2025_gmt0/,reddit_r_CryptoCurrency,28/10/2025,02:01:25,28/10/2025 02:01:25,neutral
Giant Bitcoin drone show in Switzerland showing BTC eating fiat currencies like Pac-Man,...,https://reddit.com/r/CryptoCurrency/comments/1oie58h/giant_bitcoin_drone_show_in_switzerland_showing/,reddit_r_CryptoCurrency,28/10/2025,17:31:02,28/10/2025 17:31:02,neutral
"US Rep. Ro Khanna introduces legislation to ban President DJT, congressmembers from trading crypto",...,https://reddit.com/r/CryptoCurrency/comments/1ohw71s/us_rep_ro_khanna_introduces_legislation_to_ban/,reddit_r_CryptoCurrency,28/10/2025,02:04:24,28/10/2025 02:04:24,neutral
Trump Sons' American Bitcoin Stock Jumps After Adding $163 Million to BTC Treasury,...,https://reddit.com/r/CryptoCurrency/comments/1ohvp52/trump_sons_american_bitcoin_stock_jumps_after/,reddit_r_CryptoCurrency,28/10/2025,01:41:42,28/10/2025 01:41:42,neutral
France Eyes Creation of a National Bitcoin Reserve in Landmark Proposal,...,https://reddit.com/r/CryptoCurrency/comments/1oidllk/france_eyes_creation_of_a_national_bitcoin/,reddit_r_CryptoCurrency,28/10/2025,17:11:09,28/10/2025 17:11:09,neutral
Metaplanet Launches $500M Bitcoin-Backed Share Buyback as Stock Falls Below Holdings Value,...,https://reddit.com/r/CryptoCurrency/comments/1oi6cyd/metaplanet_launches_500m_bitcoinbacked_share/,reddit_r_CryptoCurrency,28/10/2025,12:05:00,28/10/2025 12:05:00,neutral
"Strategy gets junk credit rating from S&amp;P ""There is a risk of the convertible debt becoming due when there's severe bitcoin stress, which could force a liquidation of its holdings"".",...,https://reddit.com/r/btc/comments/1oi9zen/strategy_gets_junk_credit_rating_from_sp_there_is/,reddit_r_btc,28/10/2025,14:53:25,28/10/2025 14:53:25,positivo
Ladies and Gentlemans: BitcoinErrorLog on Lightning Network,...,https://reddit.com/r/btc/comments/1oieapu/ladies_and_gentlemans_bitcoinerrorlog_on/,reddit_r_btc,28/10/2025,17:36:37,28/10/2025 17:36:37,neutral
"Removing Fear, Uncertainty and Doubt through constructive actions using Bitcoin","When it comes to our financial lives, we all live with certain fears, doubts and uncertainty about the future.

- Division of labor makes most of us small cogs in a greater whole (""the economy"") and w...",https://reddit.com/r/btc/comments/1oi43cz/removing_fear_uncertainty_and_doubt_through/,reddit_r_btc,28/10/2025,09:42:12,28/10/2025 09:42:12,neutral
Bitcoin's (and Crypto) Price Regimes: The Formula Was in Front of Us All This Time [SERIOUS],"**TLDR: price peaks around 81866/210000 \~ 38.98 % of halving cycle, due to maximum of scarcity impulse metric. Price trend is derived from supply dynamics alone (with single scaling parameter).**

**...",https://reddit.com/r/btc/comments/1oia6iy/bitcoins_and_crypto_price_regimes_the_formula_was/,reddit_r_btc,28/10/2025,15:01:13,28/10/2025 15:01:13,negativo
